{
  "openapi": "3.0.0",
  "info": {
    "title": "Swagger with Express",
    "description": "Essa api tem como objetivo demonstra o uso do swagger com express",
    "version": "1.0.0",
    "license": {
      "name": "MIT"
    },
    "termsOfService": "http://localhost:3000/terms/",
    "contact": {
      "name": "Davi Cândido",
      "email": "davicandidopucminas@gmail.com"
    }
  },
  "servers": [
    {
      "url": "http://localhost:3000/v1",
      "description": "Ambiente de desenvolvimento"
    },
    {
      "url": "https://www.crudJourney.com/v2",
      "description": "Ambiente de produção"
    }
  ],
  "paths": {
    "/posts": {
       "post": {
        "summary": "Cria um post",
        "description": "Essa rota cria um post",
        "tags": ["Posts"],
        "security": [
          {
            "bearerAuth": []
          }
        ],
        "requestBody": {
          "content": {
            "application/json": {
              "schema": {
                "$ref": "#/components/schemas/Post"
              },
              "examples": {
                "post": {
                  "value": {
                    "title": "Post 1",
                    "content": "Conteudo do post 1"
                  }
                }
              }
            }
          }
        },
        "responses": {
          "201": {
            "description": "Post criado com sucesso",
            "content": {
              "application/json": {
                "schema": {
                  "type": "object",
                  "example": {
                    "message": "Post created successfully",
                    "post": {
                      "id": 1,
                      "title": "Post 1",
                      "content": "Conteudo do post 1"
                    }
                  }
                }
              }
            }
          },
          "400": {
            "description": "Dados incorretos ou incompletos",
            "content": {
              "application/json": {
                "schema": {
                  "type": "object",
                  "example": {
                    "message": "Title and content are required"
                  }
                }
              }
            }
          }
        }
      },
      "get": {
        "summary": "Retorna todos os posts",
        "description": "Essa rota será responsável por retorna todos os posts",
        "tags": ["Posts"],
        "security": [
          {
            "bearerAuth": []
          }
        ],
        "responses": {
          "200": {
            "description": "Retorna todos os posts",
            "content": {
              "application/json": {
                "schema": {
                  "type": "array",
                  "example": [
                    {
                      "id": 1,
                      "title": "Post 1",
                      "content": "Conteudo do post 1"
                    },
                    {
                      "id": 2,
                      "title": "Post 2",
                      "content": "Conteudo do post 2"
                    },
                    {
                      "id": 3,
                      "title": "Post 3",
                      "content": "Conteudo do post 3"
                    }
                  ]
                }
              }
            }
          },
          "404": {
            "description": "Nenhum post foi encontrado"
          }
        }
      }
    },
    "/posts/{id}": {
      "get": {
        "summary": "Retorna um post",
        "description": "Essa rota será responsável por retornar um post pertencente ao id passado na rota",
        "tags": ["Posts"],
        "parameters": [
          {
            "name": "id",
            "in": "path",
            "required": true,
            "schema": {
              "type": "number"
            }
          }
        ],
        "security": [
          {
            "bearerAuth": []
          }
        ],
        "responses": {
          "200": {
            "description": "Retorna o post pertencente ao {id}",
            "content": {
              "application/json": {
                "schema": {
                  "type": "object",
                  "example": {
                    "id": 1,
                    "title": "Post 1",
                    "content": "Conteudo do post 1"
                  }
                }
              }
            }
          },
          "404": {
            "description": "Nenhum post foi encontrado"
          }
        }
      },
      "put": {
        "summary": "Atualiza completamente um post de acordo com o id passado na rota",
        "description": "Essa rota será responsável por atualizar completamente um post de acordo com o id passado na rota",
        "tags": ["Posts"],
        "parameters": [
          {
            "name": "id",
            "in": "path",
            "required": true,
            "schema": {
              "type": "number"
            }
          }
        ],
        "security": [
          {
            "bearerAuth": []
          }
        ],
        "requestBody": {
          "content": {
            "application/json": {
              "schema": {
                "$ref": "#/components/schemas/Post"
              },
              "examples": {
                "post": {
                  "value": {
                    "title": "Post 1 atualizado",
                    "content": "Conteudo do post 1 atualizado"
                  }
                }
              }
            }
          }
        },
        "responses": {
          "200": {
            "description": "Retorna o post atualizado pertencente ao {id}",
            "content": {
              "application/json": {
                "schema": {
                  "type": "object",
                  "example": {
                    "message": "Post atualizado com sucesso",
                    "post": {
                      "id": 1,
                      "title": "Post 1 atualizado",
                      "content": "Conteudo do post 1 atualizado"
                    }
                  }
                }
              }
            }
          },
          "404": {
            "description": "Nenhum post foi encontrado"
          }
        }
      },
      "delete": {
        "summary": "Deleta um post de acordo com o id passado na rota",
        "description": "Essa rota será responsável por deletar um post de acordo com o id passado na rota",
        "tags": ["Posts"],
        "parameters": [
          {
            "name": "id",
            "in": "path",
            "required": true,
            "schema": {
              "type": "number"
            }
          }
        ],
        "security": [
          {
            "bearerAuth": []
          }
        ],
        "responses": {
          "200": {
            "description": "Retorna o post deletado pertencente ao {id}",
            "content": {
              "application/json": {
                "schema": {
                  "type": "object",
                  "example": {
                    "message": "Post deletado com sucesso"
                  }
                }
              }
            }
          },
          "404": {
            "description": "Nenhum post foi encontrado"
          }
        }
      }
    },
    "/docs-swagger": {
      "get": {
        "summary": "Retorna a documentação em json da api feita pelo swagger",
        "description": "Essa rota retorna a documentação em json da api feita pelo swagger",
        "tags": ["Documentação"],
        "responses": {
          "200": {
            "description": "Retorna a documentação",
            "content": {
              "text/json": {}
            }
          }
        }
      }
    }
  },
  "components": {
    "schemas": {
      "Post": {
        "type": "object",
        "required": ["title", "content"],
        "properties": {
          "id": {
            "type": "number"
          },
          "title": {
            "type": "string"
          },
          "content": {
            "type": "string"
          }
        }
      }
    },
    "securitySchemes": {
      "bearerAuth": {
        "type": "http",
        "scheme": "bearer",
        "bearerFormat": "JWT"
      }
    }
  }
}
